CRIM,ZN,INDUS,CHAS,NOX,RM,AGE,DIS,RAD,TAX,PTRATIO,B,LSTAT,Price
0.0063,18.0,2.31,0,0.538,6.575,65.2,4.09,1,296,15.3,396.9,4.98,24.0
0.0273,0.0,7.07,0,0.469,6.421,78.9,4.9671,2,242,17.8,396.9,9.14,21.6
0.0273,0.0,7.07,0,0.469,7.185,61.1,4.9671,2,242,17.8,392.83,4.03,34.7
0.0324,0.0,2.18,0,0.458,6.998,45.8,6.0622,3,222,18.7,394.63,2.94,33.4
0.069,0.0,2.18,0,0.458,7.147,54.2,6.0622,3,222,18.7,396.9,3.33,36.2
0.0298,0.0,2.18,0,0.458,6.43,58.7,6.0622,3,222,18.7,394.12,5.21,28.7
0.0883,12.5,7.87,0,0.524,6.012,66.6,5.5605,5,311,15.2,395.6,12.43,22.9
0.1446,12.5,7.87,0,0.524,6.172,96.1,5.9505,5,311,15.2,396.9,19.15,27.1
0.2112,12.5,7.87,0,0.524,5.631,100.0,6.0821,5,311,15.2,386.63,29.93,16.5
0.17,12.5,7.87,0,0.524,6.004,85.9,6.5921,5,311,15.2,386.71,17.1,18.9
0.2249,12.5,7.87,0,0.524,6.377,94.3,6.3467,5,311,15.2,392.52,20.45,15.0
0.1175,12.5,7.87,0,0.524,6.009,82.9,6.2267,5,311,15.2,396.9,13.27,18.9
0.0938,12.5,7.87,0,0.524,5.889,39.0,5.4509,5,311,15.2,390.5,15.71,21.7
0.6298,0.0,8.14,0,0.538,5.949,61.8,4.7075,4,307,21.0,396.9,8.26,20.4
1.6994,0.0,16.5638,0,0.5338,7.0507,73.1026,2.9637,3,666,16.7407,375.2106,15.5611,47.7
10.8464,0.0,11.9098,0,0.4105,7.6508,71.2101,5.1704,3,222,19.0214,350.6658,21.942,50.0
4.7503,0.0,15.768,0,0.4097,5.4193,46.7337,7.0623,1,311,15.5361,362.0829,22.7906,26.6
3.2966,0.0,10.6965,0,0.7327,6.6277,11.3855,5.1943,6,222,15.1682,371.1024,15.7736,44.3
0.6206,0.0,6.928,0,0.5092,5.9543,62.4633,5.1239,2,437,21.5045,382.4974,6.7623,37.1
0.6205,0.0,18.382,0,0.6072,6.2058,32.7791,7.7867,1,222,21.3412,384.3852,5.0875,43.5
0.2254,80.0,17.9883,0,0.5195,8.131,50.5229,4.2105,2,311,21.0998,396.6853,2.5502,50.0
7.2504,80.0,15.8939,0,0.7763,5.2279,96.1823,7.9485,6,666,19.0035,363.4843,30.8266,20.9
3.3187,0.0,7.4429,0,0.5037,6.4576,45.9132,4.551,4,307,20.4661,375.2425,9.8037,39.6
4.4425,0.0,13.8046,0,0.5719,6.6074,85.5821,3.9617,6,242,14.5523,375.0129,8.9797,44.5
0.0849,0.0,9.2195,0,0.7491,7.0401,26.9687,4.9049,24,222,16.6783,369.0248,26.2892,46.5
12.6228,20.0,3.8316,0,0.7368,6.3486,70.5214,7.2184,8,242,16.5096,357.9337,12.5605,46.4
6.4411,0.0,20.3463,0,0.4744,6.4956,97.9306,2.445,1,437,19.0852,395.8427,18.6995,39.0
0.8693,0.0,4.7364,0,0.7211,6.0058,19.1704,2.9731,8,307,16.8477,390.0206,7.3629,45.4
0.7324,80.0,21.0047,0,0.5833,6.4684,10.7488,8.6358,24,307,15.1881,373.3718,33.6716,35.2
0.7394,20.0,10.9201,0,0.5932,6.0398,49.0225,2.8162,6,222,18.7717,378.2922,30.1022,30.9
1.3159,80.0,5.7027,0,0.4534,6.7151,18.3363,5.758,5,666,20.5151,360.6585,30.5051,36.4
2.6881,12.5,12.838,0,0.4322,6.0213,77.3546,5.8449,6,307,17.057,375.5036,15.4235,39.3
2.0459,0.0,19.4589,0,0.6912,6.544,92.3094,5.1722,6,222,15.0581,382.5941,27.1579,37.3
1.2492,0.0,16.6445,0,0.5986,6.2595,49.0619,6.3356,24,222,15.5735,374.1613,6.7479,44.7
3.4169,80.0,18.1312,0,0.5747,7.0682,33.284,3.2237,4,242,15.8999,396.4444,2.2844,50.0
0.5508,25.0,15.1757,0,0.6918,6.244,49.0963,5.645,2,307,16.3992,378.6719,2.6591,46.1
1.2539,0.0,15.8455,0,0.7062,5.0389,75.1103,4.2913,24,222,19.1424,367.3987,21.3579,27.3
1.6526,0.0,18.9839,0,0.4636,7.1633,10.8149,6.4625,2,242,18.8076,386.2139,17.028,47.6
2.2022,0.0,6.9934,0,0.6441,5.646,63.0509,2.5592,24,311,19.5686,357.9947,19.0945,34.7
5.5466,20.0,11.7885,0,0.4541,5.8224,65.1963,5.7816,2,242,16.9,368.0338,2.2463,42.0
0.8118,80.0,6.4242,0,0.7006,5.863,67.3919,2.8895,8,242,20.592,366.2724,15.9487,33.8
2.6093,0.0,21.7534,0,0.6628,7.2421,31.782,3.5898,24,222,15.6327,370.2518,25.6962,45.4
3.241,0.0,20.8812,0,0.7826,4.785,74.2647,3.1403,24,437,17.7523,386.6655,16.6089,23.0
0.1812,0.0,2.7885,0,0.4276,8.4764,18.2252,2.8713,24,437,20.4075,372.7077,26.1632,50.0
3.3772,80.0,16.1115,0,0.4228,7.0192,27.9343,7.6928,2,666,15.4413,387.2393,9.6896,42.1
0.6831,20.0,20.505,0,0.5129,6.4363,88.9723,3.6428,4,437,14.8789,377.0373,28.8337,32.5
0.2522,20.0,5.6115,0,0.5047,6.2416,76.4851,8.4534,7,242,21.0695,366.0431,21.4182,30.4
10.7153,0.0,13.3589,0,0.4988,6.4799,11.2371,8.7744,2,666,16.7434,387.988,8.9552,48.0
12.1443,0.0,20.3098,0,0.7625,6.6448,32.3539,5.7845,1,222,19.471,361.1758,9.8118,44.5
5.9584,0.0,2.6789,0,0.4998,6.7317,29.2966,2.5725,3,307,14.2028,360.5236,22.725,38.9
1.3178,0.0,15.9484,1,0.5088,6.6689,34.3726,4.3091,4,242,19.5204,373.6612,29.388,38.3
0.38,25.0,7.947,0,0.7038,6.3427,32.2804,7.483,8,242,16.5288,362.2338,15.7157,44.2
4.1599,20.0,20.4879,0,0.5799,6.1419,15.6274,4.2554,6,666,14.4459,350.4262,10.5239,44.2
2.0983,80.0,21.4212,0,0.7107,6.1741,51.3046,2.1526,2,222,18.8785,380.4052,30.6114,32.1
0.4785,80.0,20.8853,0,0.4261,6.1436,75.946,5.6759,24,311,15.9264,373.9703,24.0859,37.2
2.4708,0.0,11.4843,0,0.595,7.0736,64.6059,7.8384,2,242,17.0945,370.8948,16.7868,49.0
0.136,12.5,19.2409,0,0.4134,6.6955,70.5585,7.4694,5,311,14.6446,395.3508,18.1007,42.6
8.6515,80.0,18.891,0,0.4251,4.2217,17.3034,2.8134,4,311,15.1773,376.7892,8.7405,27.8
1.088,20.0,8.382,0,0.7626,6.7391,95.6342,6.5457,7,437,16.3838,390.4949,22.6845,40.9
3.9205,0.0,18.5783,1,0.4557,6.4163,85.4643,3.1538,8,222,14.7181,356.5402,13.8385,38.6
1.3548,0.0,2.7402,0,0.613,6.2669,82.4581,3.1366,5,311,21.2866,376.6958,34.8563,33.3
2.6528,0.0,13.9254,0,0.5644,6.008,84.0685,8.0555,5,222,14.0484,390.7082,17.8461,45.1
2.8584,80.0,6.6002,0,0.5389,7.0669,93.9439,3.3725,2,437,17.8709,377.3477,18.0342,42.8
0.7458,0.0,4.4113,0,0.7599,6.9433,58.9829,3.4744,8,222,14.986,383.6749,20.6731,47.7
12.5841,0.0,3.5391,0,0.4087,5.739,28.0254,1.5049,2,242,16.4614,367.4488,32.2529,27.3
5.3821,0.0,15.9258,0,0.6655,6.5649,65.5105,8.03,6,311,21.4085,354.3359,28.427,35.8
10.1083,0.0,8.7975,0,0.7854,5.5998,76.8593,7.4445,8,222,15.2936,371.4755,16.8873,39.9
8.1177,0.0,16.4953,0,0.6241,5.3143,76.4126,6.205,6,307,21.7267,368.5011,25.7171,24.8
3.2898,0.0,3.3071,0,0.7747,5.8413,56.9304,7.127,4,222,15.6464,390.6651,21.3458,35.3
9.188,0.0,8.3058,0,0.4209,6.8837,16.1613,2.6404,4,311,19.9325,361.4434,18.2481,37.4
0.3436,0.0,12.7898,0,0.5675,6.9472,43.4002,4.9374,6,437,18.3734,395.3398,8.3464,46.1
0.7953,12.5,17.8145,0,0.5041,6.6392,92.869,4.1341,4,437,21.0758,394.9367,17.3099,34.9
0.1766,0.0,8.3751,0,0.6923,6.7876,62.6004,2.2033,8,311,18.4319,361.6139,10.112,47.3
1.4267,25.0,14.5178,0,0.7925,6.6413,58.4499,5.146,24,242,18.2765,366.3236,32.1898,38.6
1.7817,0.0,19.7196,0,0.5026,5.831,34.1968,8.4055,1,242,15.5637,392.0016,13.0684,38.0
1.1496,0.0,14.3173,0,0.6617,6.5823,43.1604,1.8004,4,437,15.3298,395.3346,33.4247,37.5
6.3624,25.0,6.6592,0,0.4792,6.8403,90.5811,3.686,4,437,21.3319,370.7973,19.5908,40.2
1.5984,0.0,2.488,0,0.6261,6.808,69.9817,3.0566,2,311,16.6227,365.0548,22.841,44.2
1.1973,0.0,19.402,0,0.5856,7.1122,80.8648,3.2861,6,242,16.9767,374.6738,19.917,45.8
2.8267,0.0,2.4254,0,0.7888,6.7758,50.8911,8.3133,3,437,20.0786,382.2564,6.2696,40.7
0.5568,12.5,19.494,0,0.6434,6.526,66.7222,5.0105,7,242,16.7106,362.826,14.4021,45.9
5.8437,0.0,12.5787,0,0.5398,7.0291,32.3545,4.9972,5,437,21.6165,384.5406,5.2718,47.1
0.2889,12.5,20.7814,1,0.4456,6.2614,73.4915,7.2043,4,222,19.9034,352.4227,22.5575,32.3
15.6129,0.0,17.9757,0,0.4605,5.6627,48.4841,2.6587,5,307,18.7794,352.3119,16.7468,32.9
5.3361,0.0,21.9587,0,0.4901,6.1659,49.8291,5.1545,8,666,21.0472,368.1169,27.6735,27.0
0.8075,0.0,9.0142,0,0.5004,5.7586,68.439,4.7249,3,222,14.3968,366.5779,9.2755,36.4
0.0299,0.0,17.3438,0,0.7402,5.8074,94.2653,5.9768,7,666,16.0565,364.8032,7.4307,40.9
6.0936,0.0,10.0386,0,0.6245,6.1788,15.7606,8.9967,6,437,17.7203,373.0288,15.409,40.1
4.4275,0.0,11.5975,1,0.6094,5.7253,84.2269,7.2709,1,307,15.8158,365.0424,32.5773,30.8
4.7104,0.0,14.5501,0,0.4459,6.0644,36.3145,4.484,7,307,19.9512,359.0169,25.4439,33.4
5.3208,80.0,19.4735,0,0.7441,4.9545,49.9528,7.7066,7,437,21.3537,364.5141,15.8245,25.6
0.2869,0.0,21.6817,0,0.6891,6.4293,11.9722,2.7803,1,437,17.3902,395.723,19.07,39.9
1.608,0.0,17.3655,0,0.4271,6.2808,37.0941,1.7285,24,242,16.7371,369.2812,4.779,43.7
0.4533,12.5,10.3553,0,0.6831,5.708,55.2368,3.0334,6,437,21.6924,370.857,34.491,21.1
7.1687,0.0,10.4271,0,0.6174,6.7415,15.0558,4.0531,2,311,17.5588,377.04,23.9914,38.2
3.5247,0.0,16.7516,0,0.4327,6.9363,54.1986,5.3294,5,437,17.9124,396.1187,11.4183,49.6
1.4565,25.0,6.7755,0,0.5833,5.1547,93.44,6.1135,4,311,16.8132,361.3311,21.3317,34.1
0.2464,80.0,4.2095,0,0.5939,5.7461,19.4854,8.3295,7,437,21.2764,381.9521,5.6129,40.0
1.351,0.0,9.0924,0,0.4663,5.7416,78.7997,5.3239,8,242,18.5516,383.5797,33.8726,32.7
1.4259,80.0,7.7448,0,0.7783,5.6221,46.8704,5.2596,1,311,20.0974,378.4835,7.7679,37.1
4.7184,0.0,7.9262,0,0.74,6.8606,68.9656,1.8768,5,222,20.4945,354.1543,23.385,45.5
3.6636,0.0,6.6722,0,0.6676,6.1443,33.4213,1.7618,3,311,16.7348,381.7453,10.1,47.9
7.8661,0.0,2.8419,0,0.5849,6.0948,24.3543,5.6337,1,242,17.4696,353.006,25.6795,29.6
2.3106,80.0,2.3575,0,0.5647,4.8773,24.4416,4.7863,3,666,20.7878,377.9591,27.6351,23.2
0.4685,0.0,21.7544,0,0.6604,6.7248,16.3443,7.7939,6,311,16.906,384.6864,24.2229,40.9
4.5069,0.0,10.5555,0,0.6182,5.4125,26.7082,2.7051,7,437,20.3515,359.8945,22.2785,27.9
5.1594,0.0,9.6865,0,0.4249,6.322,69.7797,1.6873,8,437,21.5279,389.4721,31.4515,33.7
2.976,0.0,15.5929,0,0.605,6.4742,89.3522,4.8678,4,666,18.9857,351.4236,4.5947,45.6
5.316,0.0,6.3651,0,0.7226,7.2325,83.2713,3.2811,3,242,19.933,389.5748,12.9202,45.5
2.4609,0.0,20.9992,0,0.5837,5.3638,71.6621,1.8721,5,307,20.4408,371.5894,10.1935,33.5
2.6728,0.0,17.7269,0,0.4208,4.1663,19.9389,6.9345,24,437,20.7603,360.2049,34.6045,17.7
2.0181,0.0,3.7882,0,0.7145,6.4087,36.0269,2.3369,6,222,17.1604,356.2742,14.8499,42.3
0.1027,0.0,10.3516,0,0.4805,7.5404,37.8826,6.0624,24,242,14.4101,394.7101,26.1762,49.5
0.421,0.0,19.5824,0,0.5034,7.1473,32.4961,3.6079,6,311,17.215,353.408,24.5959,42.9
0.125,0.0,20.8946,0,0.4659,6.4268,56.3505,2.8012,2,311,19.39,359.3375,8.9987,44.5
3.6522,0.0,11.348,0,0.5321,5.9359,58.1998,4.3481,5,222,17.6028,366.3129,9.8869,36.1
1.3686,25.0,14.2682,0,0.7027,6.845,42.1197,7.5108,24,437,19.9917,379.089,11.2824,43.8
2.5676,0.0,5.3407,0,0.6078,5.5985,41.841,4.4407,8,242,16.8559,375.5512,15.5672,34.8
8.5826,0.0,21.8234,0,0.482,6.6135,84.57,7.1308,7,222,19.078,355.8927,9.7327,40.6
1.0423,0.0,6.6334,0,0.7511,6.6338,81.0364,2.4411,1,437,15.4914,363.5882,2.6485,46.8
1.9118,0.0,20.8546,0,0.7518,7.0221,37.7016,7.2958,4,242,19.995,361.1975,31.02,39.7
5.0815,0.0,14.9929,0,0.7482,8.2118,92.241,3.277,7,311,18.3656,360.0152,33.8651,48.4
0.9453,0.0,14.1547,1,0.4955,6.5547,95.7534,6.5804,7,242,15.6325,369.2827,13.2718,46.7
0.2984,0.0,12.2538,0,0.5805,5.9237,39.4068,5.7434,6,666,16.3353,383.0191,13.1707,37.2
1.2417,0.0,6.6134,0,0.794,6.2621,41.8982,8.4686,8,307,19.9889,360.1985,2.234,44.4
0.6429,0.0,5.5306,0,0.7088,5.0416,55.5071,4.4049,6,242,17.8608,367.1972,24.4483,24.6
9.5678,0.0,6.4097,0,0.4109,5.7937,94.7009,1.9962,3,307,15.7283,368.334,29.2395,33.9
5.9532,0.0,5.7288,0,0.4261,5.9935,88.8687,1.6437,4,242,21.7382,395.7958,6.8381,42.9
3.6226,0.0,17.5917,0,0.5856,5.9131,19.2311,7.7014,3,307,19.721,394.7739,7.269,41.0
7.3955,0.0,9.0025,1,0.7637,6.3866,45.3458,5.4355,1,666,21.6571,387.5265,28.0727,37.2
5.8707,0.0,3.1569,0,0.6155,5.7043,59.8034,7.3143,5,311,17.4168,361.3338,22.3376,33.1
0.7534,0.0,21.3821,0,0.5991,7.0647,55.2819,3.2582,1,437,17.8008,353.191,3.4804,50.0
8.0409,0.0,19.6757,0,0.4422,6.2801,27.4477,4.0881,1,307,21.1836,364.8628,22.5441,35.9
2.8004,12.5,20.555,0,0.6627,6.2735,87.2935,1.7258,2,666,18.2004,362.5127,12.1943,38.1
5.9405,0.0,21.8982,0,0.7288,6.0505,70.9247,8.7112,4,307,19.6582,373.7279,14.1679,38.6
8.1613,0.0,5.4779,0,0.5522,6.3886,85.4118,6.509,6,311,16.0174,386.4754,27.4011,34.2
1.3878,25.0,9.9248,0,0.7102,6.8576,87.2888,8.499,8,307,17.5738,390.2553,28.7609,46.6
0.4297,80.0,17.1648,0,0.7858,5.673,77.352,3.4912,3,666,14.9876,389.6241,15.2118,35.8
0.9413,0.0,15.9204,0,0.4815,5.8193,49.529,6.086,1,666,15.6478,366.8688,33.256,32.4
2.0154,0.0,5.0779,0,0.6093,6.0674,64.9492,6.5887,3,222,14.0075,382.2313,15.4133,40.3
6.1438,20.0,18.3167,0,0.5149,5.3379,24.4329,3.8816,3,311,14.3141,364.6719,27.4706,25.9
7.1068,12.5,6.4888,0,0.7171,5.7065,70.6281,7.8608,5,222,21.8183,352.8565,17.9679,26.9
0.0351,0.0,6.4764,0,0.631,5.9466,26.1328,8.6037,4,311,15.9388,382.9034,31.6186,34.2
2.5836,0.0,12.7395,0,0.6538,6.8921,72.4555,8.1364,4,307,19.3065,350.4609,31.9561,42.3
1.955,0.0,13.8588,0,0.7192,6.4638,30.6638,7.043,24,666,20.7128,369.1907,4.8848,42.2
0.9142,0.0,13.6017,0,0.5584,6.4155,20.5796,3.581,7,222,18.4053,365.4479,32.9043,29.0
0.4696,0.0,3.8297,0,0.766,6.8756,24.8756,3.6121,4,307,15.2252,382.5194,29.2426,39.7
1.4929,0.0,19.5492,0,0.6132,6.1838,10.1793,8.7252,3,666,19.8249,385.9369,28.1133,30.5
10.3172,0.0,7.312,0,0.4632,6.5533,74.6866,1.5771,6,311,18.802,364.262,8.6301,42.6
1.4154,12.5,4.5903,0,0.6784,6.2077,75.9161,6.8704,3,666,19.85,388.0653,28.5689,35.1
2.6432,0.0,19.775,0,0.7173,6.4658,56.344,6.7968,6,307,20.158,363.7847,30.0544,34.5
4.3807,0.0,21.113,0,0.5267,5.8721,24.5227,6.1702,24,222,21.8033,370.9327,11.542,34.0
1.6371,12.5,19.2426,0,0.7429,4.5728,17.5199,8.9258,6,222,18.5885,384.0972,33.4246,20.7
12.8541,25.0,18.1903,0,0.7625,6.186,11.7216,3.8391,4,666,16.7331,382.498,3.6454,46.7
11.8252,0.0,15.1048,1,0.5108,7.2759,24.9173,4.0498,5,307,19.1877,396.3076,6.947,49.8
1.0542,0.0,13.0171,0,0.7934,6.9284,90.177,2.092,6,242,14.5475,360.5601,19.7402,45.7
2.4856,0.0,3.7397,0,0.4563,6.9558,31.7383,4.821,3,311,21.1792,381.0627,21.0012,43.2
1.2985,0.0,10.1691,0,0.4808,7.1453,41.8844,3.4579,8,311,14.955,378.5941,23.29,46.6
1.2169,0.0,9.4538,0,0.4737,6.3421,19.4811,4.0754,4,307,16.6227,392.9181,2.56,46.5
0.1453,0.0,7.1951,0,0.7576,6.4181,30.0125,7.7593,8,242,20.526,357.3334,33.6921,36.9
3.3958,0.0,16.4684,0,0.6617,5.8476,56.7302,8.5161,3,222,18.7785,385.2593,3.4714,42.8
2.5247,0.0,11.9175,1,0.4608,6.0587,64.6977,2.893,7,437,17.1491,376.6518,6.721,40.9
0.2003,0.0,3.6209,0,0.5761,6.711,32.0817,4.2938,24,437,17.7875,362.8818,2.4625,47.5
1.1859,0.0,6.4037,0,0.6461,7.1227,15.1959,8.4647,4,307,20.8364,372.251,20.7063,41.6
8.6099,0.0,15.6652,0,0.4334,6.1824,45.193,1.9636,8,242,16.72,365.6541,32.7648,34.9
0.9959,0.0,3.5226,0,0.753,5.9649,31.0783,2.1927,3,242,20.9572,377.1698,23.9763,30.8
0.5735,0.0,19.0241,0,0.7214,6.2804,29.7599,2.7209,7,311,14.7051,391.6941,29.1477,35.0
2.4302,25.0,11.9029,0,0.6021,6.7008,96.3877,5.9641,3,222,20.2144,376.7004,2.4383,50.0
15.2885,0.0,11.6117,0,0.7869,5.2693,65.467,2.6285,7,666,20.7804,379.6278,19.8865,29.4
1.0077,0.0,13.8482,0,0.5671,4.6727,60.1191,8.7606,6,242,15.4545,374.3293,17.1656,31.4
4.0246,12.5,18.4936,0,0.7936,5.8946,47.4198,4.8504,2,666,17.4428,352.3997,18.4659,38.4
5.172,0.0,8.9562,0,0.6672,5.4255,48.605,5.2614,3,437,15.324,360.9211,4.383,35.5
0.9868,0.0,15.5603,0,0.6539,5.9243,58.6815,3.3499,6,666,19.6528,373.0749,24.5864,32.4
4.6999,0.0,13.3146,0,0.4664,6.1766,72.6787,5.0322,4,222,18.2828,364.55,18.6063,40.8
1.6607,0.0,7.3406,0,0.7528,5.9627,73.1931,6.4644,6,222,19.0826,358.5247,27.2499,28.6
3.6118,12.5,19.5726,0,0.571,7.2967,25.4525,7.1338,1,666,15.5719,373.6438,18.0146,49.6
3.6238,0.0,17.9485,1,0.4649,6.5087,55.0101,7.154,1,307,15.694,365.1398,6.9296,46.3
2.7726,0.0,15.169,0,0.405,6.4903,47.0762,5.8342,3,242,14.332,362.1052,23.3925,35.1
0.3507,0.0,19.0116,0,0.6239,6.7155,88.3474,8.2827,8,307,16.5765,371.7609,7.6887,47.7
6.5031,0.0,19.3459,0,0.611,5.4828,66.8277,7.6306,8,666,18.478,356.251,30.789,24.8
1.4025,0.0,16.1673,0,0.6877,7.0074,57.9254,7.1779,4,242,20.8635,393.5113,22.2328,38.2
0.7532,0.0,18.7403,0,0.7561,6.227,20.3855,1.917,6,311,19.3354,390.6952,7.1877,42.3
0.1599,0.0,15.9494,0,0.4318,6.7493,64.5074,1.5516,8,307,17.4832,383.1874,33.7572,31.0
3.2276,80.0,15.6028,0,0.6926,5.5297,20.5484,3.0934,7,307,21.625,354.9814,19.1061,28.8
4.0847,0.0,14.3722,0,0.475,5.1924,40.3486,6.4764,7,666,19.754,386.3886,4.4056,42.6
0.0702,0.0,17.0543,0,0.7433,6.8525,22.8558,4.584,4,437,21.4413,387.8932,22.6855,42.0
2.5935,0.0,5.1721,0,0.7276,6.5435,72.2866,4.518,24,666,18.2207,386.0082,10.3556,41.5
0.9346,0.0,19.6174,0,0.6163,5.6486,28.5627,8.1344,6,307,16.0712,355.345,28.5219,35.0
3.74,0.0,19.4369,0,0.6841,5.6712,45.2673,8.2167,3,242,14.4226,380.1993,28.9881,28.6
0.6998,0.0,2.5849,0,0.5257,7.0678,90.6107,8.3188,5,437,19.8087,389.1298,34.3053,36.3
4.2372,0.0,18.5163,0,0.5885,5.4474,28.3885,3.8541,5,666,14.9704,377.0779,18.5617,30.2
1.7703,0.0,4.5774,0,0.7287,7.4299,55.7025,6.6829,5,666,16.4222,380.3165,17.0136,50.0
9.9472,0.0,8.7024,0,0.5837,5.6496,47.7344,3.5372,8,307,18.2598,371.4972,26.8647,34.4
0.5426,25.0,16.8702,1,0.5431,6.7269,11.6312,2.9296,24,307,18.5153,374.7964,6.3715,44.0
1.5117,0.0,5.2152,0,0.5977,6.05,81.3482,2.8847,24,311,18.8047,351.6123,20.0482,29.8
0.4436,0.0,18.3593,0,0.7313,6.7022,16.2141,4.0658,6,666,15.33,379.9674,20.0262,46.2
9.3203,0.0,18.6427,0,0.5341,5.8991,52.683,4.7247,6,307,17.0379,353.8199,4.9526,46.4
7.564,80.0,12.1494,0,0.4695,6.166,60.461,7.7321,24,222,18.9376,370.4022,15.7935,32.6
1.084,0.0,2.1277,0,0.6848,6.3086,66.5584,2.3992,4,437,21.7586,363.7255,30.1584,33.9
3.8935,0.0,7.7408,0,0.7304,5.5785,71.9768,7.0119,6,222,19.821,375.5806,30.2531,28.3
6.1281,80.0,14.3385,0,0.4403,6.7986,32.7945,5.4859,4,437,21.3808,356.2572,5.2748,44.2
2.9265,25.0,21.6237,0,0.4959,5.9208,10.8981,3.6596,1,666,20.0977,382.4381,4.9938,36.1
2.7254,20.0,14.6363,1,0.4568,6.12,75.1099,5.1961,7,311,18.7337,387.286,10.669,43.3
1.0068,0.0,7.1961,0,0.5392,5.584,58.2091,3.7496,6,307,15.5362,357.6613,30.8673,30.1
0.3618,0.0,14.6801,0,0.5801,4.4864,85.2506,5.9706,24,307,19.3335,354.8923,6.2538,29.5
8.2004,0.0,12.7997,1,0.6995,6.1463,83.925,4.7538,7,307,18.987,356.8247,25.7599,32.5
8.3144,80.0,17.5969,0,0.6605,7.9688,85.8994,2.733,7,666,18.8198,391.1373,5.3385,50.0
3.6196,0.0,4.1396,0,0.6484,6.8292,53.6585,2.3744,2,437,17.9183,374.7721,22.5635,34.3
1.5006,0.0,17.2206,0,0.5409,6.2665,40.0266,5.6002,24,307,18.2293,371.9145,13.7502,39.8
1.5564,0.0,12.8253,0,0.7366,6.096,81.2402,8.2681,24,222,16.6755,355.0048,28.0342,38.5
4.6701,12.5,21.2598,0,0.5885,6.2957,50.6165,4.0797,6,307,18.1545,380.4642,9.7118,39.7
8.1968,0.0,8.8374,0,0.7916,6.663,26.5098,6.9975,3,666,15.5804,390.7092,23.0937,36.7
7.8621,0.0,14.6524,0,0.6537,5.4534,86.9477,6.44,1,311,20.4414,388.8419,9.7775,35.8
5.4588,0.0,20.6406,0,0.4505,7.06,89.4304,8.4867,4,222,15.4862,379.362,25.5508,45.4
3.7083,0.0,4.0502,0,0.6705,6.7808,51.9679,7.6574,3,307,14.6797,353.5306,30.8314,37.8
0.3264,0.0,20.7446,0,0.53,6.7827,16.813,5.7495,1,307,17.49,355.2714,6.1845,47.0
0.6447,0.0,15.7577,0,0.6745,6.5869,44.9043,6.4277,3,242,19.2665,352.3126,30.5977,36.6
8.2476,0.0,3.3567,0,0.4279,6.2937,82.3184,8.2379,4,437,17.5017,362.0758,21.588,37.5
3.367,0.0,8.0193,0,0.47,6.751,91.1597,4.4964,8,222,16.214,356.3625,6.1946,50.0
0.0433,0.0,16.1634,1,0.7423,6.6943,28.3125,3.951,24,242,18.4654,362.1963,16.1089,50.0
0.3952,0.0,3.347,0,0.4909,6.0322,16.0276,1.5811,3,311,16.776,368.0592,7.3084,36.8
3.931,0.0,13.6434,0,0.7348,5.8785,88.9615,7.6991,6,437,21.4629,394.2259,25.1115,34.9
0.0283,0.0,8.9177,0,0.5117,6.3513,45.0464,7.5074,5,222,21.3812,378.6266,27.0426,34.6
0.6411,0.0,14.4183,0,0.6572,7.3643,58.7585,2.2834,6,307,18.019,389.1603,5.4913,50.0
2.8745,0.0,2.9148,0,0.6777,5.4126,97.1259,5.8264,4,222,16.6231,383.3155,18.7026,34.7
4.2483,0.0,19.4307,0,0.6051,5.2527,15.9908,4.9799,6,307,19.8971,355.2764,28.8826,25.7
3.8096,0.0,21.4698,0,0.5221,6.3953,68.3486,2.3903,7,437,14.2937,384.5147,32.8934,38.1
0.9242,80.0,21.3776,0,0.4851,6.3156,16.6695,8.8543,24,307,17.7982,362.9021,18.9461,37.9
4.4935,0.0,16.993,0,0.4133,6.4013,43.7922,3.1102,7,311,16.6906,379.9742,33.3592,32.2
0.985,20.0,4.6017,0,0.5216,6.4508,82.3433,2.0043,6,666,21.3643,365.9911,19.6777,40.5
1.4271,0.0,17.1653,0,0.6613,6.1238,49.0125,5.9614,1,307,14.096,396.7908,15.0083,38.4
4.9505,0.0,2.4917,0,0.7753,7.3229,99.7464,7.0415,2,311,18.4225,362.3606,29.9907,44.3
3.7856,12.5,2.4425,0,0.7485,5.1594,60.3153,1.7433,1,666,19.9253,363.0912,18.2684,29.1
6.821,0.0,8.4722,0,0.7064,5.7001,38.9046,6.4404,24,437,17.8801,393.6485,17.5728,27.6
3.8685,0.0,11.7729,0,0.7154,6.2077,29.81,5.4922,24,437,14.6832,351.1558,18.1803,38.3
3.0342,0.0,17.4081,0,0.666,5.1298,41.5468,2.2745,7,222,21.7797,382.6747,29.9439,24.2
0.3641,0.0,15.6659,1,0.5041,6.1569,43.528,2.7939,2,311,18.1441,384.0178,29.4541,32.2
1.6603,80.0,10.9181,0,0.7629,7.443,16.1842,5.7598,6,311,18.9135,389.2262,15.3162,41.3
1.1194,20.0,7.4725,1,0.6683,6.2946,43.2617,3.7227,4,242,15.8929,395.7012,12.9989,46.2
1.0169,80.0,21.9425,0,0.6242,6.4415,51.7815,8.5374,1,242,17.868,395.7557,18.2336,40.8
13.0143,0.0,10.5236,0,0.4444,5.3979,75.0464,7.6406,1,666,17.4332,353.0615,20.9015,32.4
1.8078,12.5,11.0277,0,0.5788,5.8485,69.1057,8.8768,5,666,14.5992,388.5443,9.8651,39.1
8.0238,80.0,5.2725,0,0.5841,6.0174,73.7889,3.4475,2,242,14.8493,380.3119,28.2005,36.0
3.6004,0.0,17.8962,0,0.7458,6.0576,10.7527,8.7729,4,666,20.6998,380.3603,18.0539,41.4
5.7118,0.0,15.8736,0,0.6187,7.1772,29.5901,4.7343,1,307,15.9186,356.0196,13.0235,47.0
2.5244,12.5,6.4154,0,0.5522,6.6704,69.5516,4.1064,4,242,15.5597,380.4938,5.5251,50.0
3.1066,0.0,3.6476,0,0.7907,5.502,53.559,1.8776,6,311,18.0393,396.0784,9.8819,37.2
2.4519,20.0,15.61,0,0.4443,6.4526,10.4782,1.8957,4,307,20.15,392.7643,33.3263,30.6
0.792,0.0,15.0902,0,0.569,6.6288,82.4045,6.6901,1,666,14.4956,370.5952,12.0683,50.0
4.6243,12.5,7.4652,0,0.4168,7.0781,79.5529,4.9345,7,437,18.6145,351.8736,7.5724,50.0
1.1965,0.0,21.0173,0,0.696,7.3864,59.3577,3.1989,2,222,14.9537,366.9916,17.2022,50.0
0.0986,0.0,5.0212,0,0.7672,5.5694,15.9817,6.1048,24,242,14.2917,388.7577,12.1339,36.7
3.7431,0.0,10.6467,0,0.512,5.7124,78.9864,3.3964,3,437,14.422,382.9003,3.1603,39.8
0.7118,20.0,20.8723,1,0.7433,5.3997,62.5342,5.8322,8,666,20.6733,371.5432,12.6638,33.3
10.1659,0.0,10.3945,0,0.5169,6.1162,80.3764,4.1941,8,311,14.9438,352.5843,19.9556,43.2
11.0892,0.0,14.7705,0,0.7643,6.6065,77.6572,7.6766,3,222,14.3612,370.0214,20.2065,41.7
8.8786,0.0,9.9519,1,0.7016,6.9711,82.2702,7.6552,4,437,17.5032,371.9973,13.7664,46.4
1.6742,25.0,7.4843,0,0.722,6.2268,56.6207,5.0801,2,222,20.7519,393.5493,16.761,42.1
0.0661,0.0,21.6796,0,0.4072,6.0561,22.6292,4.1311,4,242,16.0993,380.0669,33.8621,31.0
9.4979,20.0,10.1867,0,0.7851,6.3862,70.4042,4.2192,24,666,17.3737,364.6165,14.4525,43.2
2.0222,0.0,19.882,0,0.6907,5.6954,65.8426,7.5429,2,311,14.3194,374.6374,10.5215,41.8
12.253,0.0,6.5991,0,0.5219,7.7427,76.8028,3.9613,3,666,17.5926,353.098,10.0344,50.0
11.9394,0.0,6.2621,0,0.7318,5.1546,25.2893,3.0679,4,222,18.6209,395.6135,17.1062,31.0
6.9126,0.0,2.6227,0,0.5126,6.4093,27.5478,2.1352,5,437,18.5673,366.8868,27.0642,38.1
1.2656,12.5,15.0333,0,0.7491,7.6965,90.1369,5.0002,1,242,16.6594,372.412,8.7976,50.0
1.7607,0.0,9.3705,1,0.445,6.2848,77.498,5.116,7,242,16.5243,366.6628,25.4068,39.3
6.867,0.0,19.2872,0,0.6815,6.147,91.7406,7.8068,7,666,14.853,382.0098,2.6979,44.0
1.3821,25.0,11.4642,0,0.6163,6.0298,78.2844,3.1593,24,437,16.9344,381.0587,15.8248,36.4
0.6786,0.0,21.3639,0,0.4386,6.1537,63.744,4.3574,4,437,14.796,383.5486,27.6035,31.2
2.9395,0.0,5.7105,0,0.4968,7.241,68.8719,7.563,6,222,20.1328,362.5759,13.1782,46.1
9.9147,80.0,19.3725,0,0.405,4.7317,90.0215,7.6772,2,666,21.7302,364.8049,20.6033,21.3
4.297,0.0,17.5319,0,0.5875,7.3534,62.0926,4.3846,4,666,21.7606,355.8743,8.7643,48.2
3.0488,0.0,17.4184,0,0.5205,5.2832,66.9152,4.9434,2,307,20.9206,380.7434,26.4858,28.0
0.378,80.0,18.8957,0,0.6393,6.0933,24.0829,3.7746,5,666,18.8063,351.8665,3.7252,37.7
3.4463,0.0,17.2205,0,0.5189,5.9795,52.6529,8.4942,7,242,19.6069,378.0313,30.1339,25.1
16.6081,0.0,14.5244,0,0.52,6.692,74.4757,2.3898,1,222,16.2816,390.7887,8.5405,44.7
0.5533,0.0,4.6249,0,0.6973,5.1613,34.3848,8.5031,7,437,19.0462,391.78,30.8551,25.8
2.6398,12.5,2.6505,0,0.4193,6.6035,28.2029,6.629,6,666,17.6452,371.0599,13.6335,44.4
7.565,0.0,20.417,0,0.7612,7.697,38.2444,5.4868,6,222,17.8561,371.5413,25.8486,45.0
4.8701,0.0,14.333,0,0.7409,5.3258,31.7351,1.7449,8,666,20.0622,353.6099,12.5344,36.1
4.3087,25.0,17.9307,0,0.6671,6.4128,29.3421,5.067,8,437,16.2553,381.4589,31.8951,33.4
4.3742,12.5,11.6304,0,0.6373,5.8166,48.2366,4.5581,6,311,16.5443,388.5171,6.179,42.2
1.6138,0.0,4.3462,0,0.7569,6.5781,91.7055,2.7091,3,437,21.3971,361.4743,7.8912,42.7
1.2612,0.0,4.5037,0,0.4741,6.2934,55.6354,6.4231,5,437,14.4498,369.759,18.27,38.2
5.9765,0.0,15.7113,0,0.4316,5.831,26.9128,8.7836,2,437,17.8851,389.3416,4.704,39.0
5.9908,12.5,10.6061,0,0.4958,6.6215,16.9275,5.7164,5,666,21.3024,391.1369,8.4673,46.1
7.2746,0.0,6.0105,0,0.7178,7.543,72.6541,6.8606,24,307,18.8829,361.4051,33.1443,43.7
8.8106,0.0,11.8319,0,0.4139,6.1464,44.4519,2.0134,1,437,18.3713,375.8218,34.2242,34.2
2.5879,12.5,3.2842,0,0.6331,6.7838,83.9648,4.6325,5,242,15.998,359.0279,14.4166,46.6
2.5163,25.0,13.6394,0,0.7982,5.3747,69.356,2.3727,6,242,16.7462,354.7781,32.4684,21.8
5.7734,0.0,7.3799,0,0.7423,5.6105,81.6617,6.096,7,222,20.8164,392.7316,19.9792,37.8
3.789,20.0,17.9512,0,0.6086,6.6107,34.4751,8.5386,24,307,18.4737,388.4818,10.9015,45.4
4.368,0.0,8.2072,1,0.4255,7.3189,72.3123,6.4633,6,222,18.1179,385.6456,25.1792,46.0
5.729,20.0,11.1044,0,0.7325,6.5289,33.7656,2.076,5,242,14.7966,352.2871,23.7438,39.2
7.9564,0.0,2.2324,1,0.6396,6.0609,94.5162,4.16,7,242,14.1282,389.5709,34.6411,35.9
1.4949,0.0,3.4489,0,0.446,6.2795,67.2737,5.63,1,311,21.7095,370.5443,10.7466,36.8
1.7054,12.5,9.8499,0,0.4375,5.4047,39.2061,4.5241,5,437,17.0159,366.0583,24.178,31.9
0.3653,0.0,11.5988,0,0.7639,6.7032,34.2561,7.7523,2,242,18.8257,375.6297,3.7168,41.5
3.1183,0.0,14.0004,0,0.6677,6.8976,27.1834,7.61,4,666,14.6377,354.2845,5.7503,50.0
0.1418,12.5,7.8333,0,0.7317,5.9635,72.5177,6.0887,7,666,19.4649,385.4867,2.1293,38.9
2.2658,12.5,15.8996,0,0.7516,5.951,29.6844,4.3009,5,222,21.4605,377.3162,34.9822,28.7
2.8263,0.0,19.2024,0,0.6287,6.4661,63.5773,3.415,6,222,18.6053,358.7511,28.475,40.1
1.2255,0.0,17.597,0,0.607,5.9743,33.8172,2.2941,2,437,15.0089,358.8281,27.9619,36.6
3.2271,0.0,2.7924,0,0.5722,6.2337,69.5772,4.1617,3,437,18.6538,358.6413,18.821,41.7
0.1215,0.0,11.6101,0,0.5268,7.7498,83.3446,4.5988,7,311,20.1308,352.6734,11.9022,50.0
0.147,0.0,4.0986,0,0.5738,6.1071,80.0223,6.5687,2,307,17.2513,377.5677,6.9917,40.9
6.2357,0.0,6.8409,0,0.7096,6.0292,78.4766,6.4362,6,222,21.0387,389.4123,11.3943,40.0
1.6177,80.0,21.7333,0,0.6408,5.8267,26.895,2.0258,5,437,19.1895,350.8207,14.4071,31.1
0.4992,0.0,4.8499,0,0.757,6.8009,17.9546,4.4644,1,222,21.194,352.2983,26.9582,36.0
2.6692,0.0,11.9778,0,0.5774,6.1531,72.9054,2.8633,4,437,18.988,376.8629,19.8088,41.0
5.3007,0.0,14.3631,0,0.6428,5.8254,43.1512,2.6761,2,242,15.0503,388.4343,4.557,41.1
0.8852,80.0,16.0493,1,0.6525,7.2049,48.9112,7.7048,4,222,16.4775,365.3241,2.595,47.8
3.5208,0.0,13.193,0,0.6367,7.2737,12.8034,1.8144,1,242,15.6144,366.3969,5.377,50.0
0.3312,0.0,2.1954,0,0.6811,5.8597,33.3619,4.6439,2,222,21.2706,377.9687,15.5465,36.7
0.201,0.0,8.5292,0,0.495,4.9734,13.0309,2.7615,8,307,20.0832,362.8606,32.7954,23.9
2.7385,0.0,12.3542,0,0.6049,6.9853,89.1267,8.095,6,311,19.4112,351.2479,23.0343,39.0
2.8105,0.0,3.7573,0,0.4417,5.8008,31.9057,5.6778,2,666,16.4077,384.4822,28.4603,32.7
3.6623,25.0,9.0125,0,0.5538,6.8334,60.1603,3.2354,6,666,15.4724,379.343,17.3904,45.7
4.6719,80.0,2.6641,0,0.5951,4.9009,13.5081,5.2682,24,666,20.0516,377.2375,13.935,26.1
13.4148,0.0,3.5716,0,0.6609,6.9048,70.0163,6.9861,7,242,17.7933,384.785,5.5772,48.6
2.6246,0.0,9.9385,0,0.7802,5.4322,39.0725,8.6859,24,437,15.8063,381.6683,30.9058,23.7
1.4141,80.0,4.6543,0,0.6403,6.7915,90.8127,3.1533,5,666,18.933,359.6559,27.8443,37.7
5.7184,12.5,13.3508,0,0.6974,6.29,89.9306,8.1464,7,307,14.3227,366.5314,7.5479,48.1
1.1471,0.0,15.7893,0,0.6025,5.6122,39.2762,8.5073,7,666,16.6094,355.9146,18.9046,31.8
2.0907,0.0,18.0117,0,0.6536,5.9951,91.0865,8.3732,3,222,17.7485,356.0903,18.0834,42.6
0.3041,0.0,6.003,0,0.4284,6.7604,99.6542,6.2656,7,242,15.1837,381.7136,22.628,38.1
0.1024,0.0,5.3497,0,0.5018,6.3541,84.2874,6.2237,1,222,21.8772,390.2683,33.2242,30.8
11.8446,12.5,4.0914,0,0.5447,6.6891,86.0384,4.5241,24,222,15.6728,395.1522,21.1325,40.3
6.518,80.0,14.7286,0,0.589,7.6635,32.4108,7.143,6,222,15.0428,379.4695,19.8272,50.0
4.2963,80.0,16.1295,0,0.4183,5.185,61.9032,5.4847,5,311,15.6283,358.6344,3.6607,41.3
1.9031,0.0,2.6317,0,0.456,7.412,16.053,6.5808,7,311,20.1525,354.955,4.0759,49.6
0.6951,0.0,20.7242,0,0.5107,6.353,18.5426,4.7134,5,437,17.404,388.1227,8.1824,42.5
0.6224,80.0,3.0394,0,0.7886,5.6509,99.9003,6.9862,5,242,18.5233,377.1437,3.0715,41.7
1.0468,20.0,12.8259,0,0.5325,5.3488,39.3975,7.6835,7,307,14.1681,378.9976,26.5306,30.4
2.8784,0.0,16.1812,0,0.5928,6.1476,77.3366,2.5983,7,307,14.2755,386.6506,25.8699,37.2
4.5239,80.0,19.4194,0,0.4784,6.9252,82.5999,7.747,3,307,17.5666,382.9837,6.4899,46.1
3.8958,25.0,16.2817,0,0.6443,6.1907,87.2221,5.5522,3,222,20.5332,389.1361,29.5906,32.2
1.1923,0.0,18.0346,0,0.5123,7.3378,99.7865,7.835,3,311,21.0819,352.6364,7.1079,50.0
11.1632,0.0,8.789,1,0.4828,5.2642,31.7347,4.7348,6,242,14.6937,385.0587,11.9388,30.2
4.8305,0.0,18.2965,0,0.6066,6.2715,13.6316,4.3428,6,222,18.3069,389.905,10.2162,39.8
2.9196,0.0,3.6023,0,0.4022,5.4033,47.0072,8.363,3,311,21.3058,363.4197,14.2861,26.4
3.4157,0.0,19.8963,0,0.4031,6.5345,21.7073,3.3838,3,311,17.1038,380.037,10.4039,46.2
1.9685,20.0,12.9518,0,0.4876,6.9008,12.0183,7.8316,8,666,20.6365,364.7342,18.1354,46.3
1.0348,0.0,18.346,0,0.4147,5.9855,42.4384,5.1302,8,666,15.0696,394.9288,15.4445,38.6
1.5941,0.0,11.0464,0,0.4432,4.4571,80.5364,5.3557,7,242,21.4832,351.5676,34.5568,13.1
5.1155,0.0,14.8716,0,0.5355,6.4193,60.9563,3.8135,4,242,20.0114,377.1923,3.8456,41.9
0.0622,0.0,12.5281,0,0.721,6.5857,38.15,5.7978,4,242,21.5307,357.809,6.692,43.4
0.4542,80.0,16.6318,0,0.6288,6.563,68.8908,3.9391,3,222,19.4129,383.4031,3.7433,45.4
0.1795,0.0,3.6326,0,0.6051,7.145,30.8816,1.7945,5,437,16.9072,358.2493,22.6528,47.4
0.1597,0.0,3.207,0,0.5174,5.5303,11.2943,3.54,3,242,21.5054,361.0395,3.7988,35.0
6.9731,12.5,6.9421,0,0.7727,6.7562,78.7918,1.5478,8,666,16.2045,373.186,29.6025,40.4
4.3885,0.0,5.1909,0,0.5588,7.1148,66.1369,8.8377,7,437,16.6574,392.9058,18.894,45.1
2.324,0.0,19.4357,0,0.4348,5.035,78.6072,8.7431,3,222,19.6065,359.9294,19.3913,25.5
0.3806,0.0,6.3843,1,0.6468,6.5038,13.5044,4.4637,24,437,20.1225,356.7649,20.5326,37.8
2.4455,0.0,21.5173,0,0.4455,5.9271,85.3408,6.9628,5,307,21.4352,385.596,7.6369,39.7
2.3192,0.0,8.7379,0,0.5381,6.2229,65.7574,4.0935,24,437,15.6384,373.4791,8.5238,46.3
0.6947,0.0,5.6424,0,0.603,6.5234,60.7056,6.5332,7,242,20.384,392.7627,12.521,41.2
2.058,0.0,17.794,0,0.7497,5.9389,66.2153,7.5407,7,222,19.9084,356.8762,21.5854,30.3
1.84,80.0,15.1742,0,0.5974,5.807,87.799,8.6007,6,242,14.5104,380.294,8.9339,43.6
3.4542,0.0,11.9639,0,0.6809,6.3039,62.8243,4.5016,2,666,17.0978,360.922,5.8389,41.9
3.6392,0.0,13.1073,0,0.7971,5.5189,62.2855,7.3747,24,307,16.2621,357.3521,34.0139,28.2
0.1769,0.0,16.384,0,0.4526,5.5199,99.1611,3.4945,6,666,16.4359,382.0528,2.7254,39.8
1.6998,0.0,6.5691,0,0.5099,6.7556,78.1057,8.9275,8,242,21.8636,377.8438,28.489,36.2
3.5492,0.0,21.9267,0,0.5578,5.4758,49.8064,1.6933,1,242,19.1422,385.4014,28.0052,26.6
2.528,0.0,21.4959,0,0.5687,6.7464,73.6657,6.0265,5,242,19.7414,364.5138,11.8081,46.2
6.9989,80.0,15.0065,1,0.5644,6.6038,45.0307,6.4463,1,311,21.8129,371.0099,6.4757,33.6
3.8799,0.0,5.9908,0,0.763,5.0719,30.5988,6.6603,8,307,17.0176,369.0166,6.8057,37.8
0.6503,0.0,15.6046,0,0.6856,5.8057,63.7167,2.4029,8,242,20.4147,396.1538,25.0152,28.5
0.2735,0.0,3.444,1,0.6432,7.1159,93.5364,8.539,1,242,17.4762,363.7065,23.2126,45.1
3.7122,80.0,2.6131,0,0.5237,5.5932,93.6226,2.8589,24,666,20.9563,363.8269,27.8306,29.2
0.1067,0.0,7.1537,0,0.7295,5.9549,40.7715,6.1707,2,666,15.4453,366.6283,32.9369,35.6
3.1829,0.0,11.2525,0,0.782,6.6034,57.491,3.1701,24,242,21.5815,376.4795,24.8336,37.7
10.1521,0.0,19.3655,0,0.7285,6.8284,29.0472,3.8041,1,222,15.7502,361.8339,7.1431,46.4
3.0944,12.5,16.5434,0,0.4006,6.1039,99.6068,5.5984,24,311,16.6098,392.9271,10.0336,36.7
1.7787,0.0,16.8541,0,0.6546,5.8617,98.3006,4.629,4,666,20.0495,362.4607,29.7924,28.9
3.721,25.0,10.5099,0,0.4205,7.2757,68.4558,2.7017,24,222,17.15,392.0138,8.9071,45.2
2.2166,0.0,8.9187,0,0.503,7.4972,82.3973,2.782,7,311,18.8657,354.853,4.3932,50.0
2.8497,0.0,9.4208,0,0.4238,6.9652,74.359,4.6361,6,242,17.5566,380.7928,25.2082,41.0
10.2273,0.0,21.753,0,0.6415,6.3397,63.3842,7.1796,5,307,19.939,392.5376,15.2834,37.6
1.7665,0.0,2.8022,0,0.6746,5.7142,14.8013,8.2347,24,437,15.8267,357.9143,32.3613,30.0
11.7067,0.0,19.3406,0,0.4458,5.6987,50.9288,2.131,2,437,14.4677,395.4145,23.4584,33.3
8.4973,0.0,13.5735,0,0.5535,6.6458,70.7308,4.4483,2,242,16.3994,371.2402,4.9838,47.0
0.7944,12.5,10.7723,1,0.5825,6.5729,70.9778,2.2518,24,666,17.7945,394.354,33.2793,28.1
0.2688,0.0,16.5052,0,0.5476,7.2611,43.581,1.6244,3,222,15.3442,381.7429,10.5324,47.3
0.3924,0.0,11.7334,0,0.4484,6.7353,94.7523,6.4629,8,307,16.8384,364.1444,13.128,47.1
0.0762,0.0,19.4685,0,0.5676,5.2278,25.0621,6.0184,24,311,17.1999,358.8314,15.2746,34.5
0.3671,0.0,20.014,0,0.7005,7.0164,55.0324,2.7226,8,242,14.4591,364.2452,3.6904,46.9
4.1459,0.0,10.4344,0,0.4284,5.5814,72.1796,3.2536,4,307,18.6665,354.3625,18.385,30.5
0.2759,0.0,7.5366,0,0.4321,6.0112,72.7422,1.6778,1,307,21.0747,356.7474,6.0695,43.3
1.393,0.0,13.847,0,0.5419,6.4551,68.3775,7.7621,4,666,15.2139,354.9086,15.232,40.8
6.7187,25.0,20.2473,0,0.7767,7.677,34.7759,8.8102,24,311,18.7825,369.8361,13.5734,50.0
0.0948,80.0,6.2132,0,0.6674,8.4569,24.0586,2.5159,2,307,19.3179,387.3126,27.5037,50.0
6.0743,0.0,14.4593,0,0.6715,6.7047,67.2346,3.2361,3,666,17.3547,356.6309,28.5046,37.5
1.2019,0.0,14.6312,0,0.5448,6.1518,63.9372,8.0131,8,222,19.6088,356.112,7.0626,40.1
0.4627,0.0,16.6623,0,0.6375,6.6542,26.142,8.4485,6,666,17.2859,380.1768,14.0962,43.5
4.3054,0.0,4.6314,0,0.4041,6.9014,73.4625,4.6472,8,222,18.0371,359.2479,14.3207,50.0
3.579,0.0,16.3165,0,0.6544,6.0555,50.9655,1.8797,7,222,14.0588,354.5779,6.9965,45.0
7.5679,0.0,20.1807,0,0.7653,7.5366,70.0985,1.7954,5,307,19.5338,357.8252,28.349,44.2
4.7919,12.5,5.5937,0,0.645,6.441,85.363,5.8046,24,666,19.2907,393.323,25.3385,35.2
5.8672,0.0,6.7509,0,0.7495,6.6284,25.2756,4.4467,4,222,14.3072,388.527,8.2826,49.2
1.2028,0.0,21.4279,0,0.6896,6.7461,11.723,1.7149,6,311,16.946,366.6056,14.1018,46.8
0.7132,0.0,5.6195,0,0.4482,6.5751,80.1192,5.8744,2,307,21.8323,380.758,5.4916,41.3
5.0095,0.0,19.0877,1,0.761,6.8673,64.8728,1.5848,2,666,17.3659,375.1982,22.7308,44.2
5.9292,0.0,11.8456,1,0.4266,5.8479,72.9676,7.4053,2,666,18.0156,381.7571,6.0053,39.9
16.7752,0.0,6.9446,0,0.6136,5.8892,85.4339,3.7982,7,437,21.2794,382.0173,34.5358,27.7
1.9255,0.0,19.415,0,0.4569,5.5099,82.253,1.8019,2,666,19.7381,379.4876,27.7625,25.5
1.6849,12.5,10.9061,0,0.4047,6.5877,96.4828,5.9126,2,307,18.6566,362.4802,14.8779,41.2
5.4026,0.0,12.2963,0,0.5688,6.8253,58.2342,4.4826,24,311,20.3824,351.8294,21.0926,37.9
1.5102,0.0,9.1847,0,0.518,6.6004,53.9646,8.8035,7,666,20.9149,371.3661,32.0743,31.3
9.6225,0.0,13.859,0,0.5944,7.4521,46.1698,5.5815,3,437,17.6551,391.7867,20.2853,48.8
7.0474,0.0,5.2705,0,0.6309,6.2761,23.8322,3.5643,3,307,17.8009,376.7094,7.7585,42.1
2.0273,0.0,9.8216,0,0.4175,6.7481,61.5347,6.8208,7,222,17.0884,389.0391,14.4972,40.7
5.0132,12.5,21.3882,0,0.4492,5.5158,34.9311,3.5362,5,242,21.7336,396.5072,29.8238,32.9
5.0667,25.0,7.1627,0,0.6235,6.009,92.9177,8.2818,6,242,19.5773,357.6736,23.259,30.6
0.4018,20.0,15.1347,0,0.5373,6.7669,62.4872,4.3104,8,222,14.6658,382.4444,23.4739,45.7
8.3924,0.0,8.5038,0,0.6917,6.8744,63.3556,5.624,24,666,20.9037,381.6244,30.6051,32.9
2.5433,0.0,17.4695,0,0.6609,6.0742,41.9432,1.8793,1,242,17.8445,395.9599,31.5011,33.4
6.3148,0.0,4.6175,0,0.7382,6.2299,14.679,4.6959,3,242,14.55,396.2247,32.3532,33.9
1.3986,0.0,21.3964,0,0.677,5.2175,12.8569,7.7427,7,222,18.3977,382.2052,5.13,33.6
8.1416,25.0,11.0758,0,0.572,6.0301,48.1002,7.5424,6,666,17.3373,361.4255,19.9562,37.2
1.7848,0.0,6.721,0,0.6692,6.9033,17.6109,3.1824,7,666,21.022,387.4523,26.4368,39.3
0.0492,0.0,3.4699,0,0.5102,6.6826,64.6162,3.1956,8,222,15.632,355.0197,26.9786,37.4
8.4985,0.0,5.3952,0,0.5225,6.6305,89.2876,7.6298,6,666,20.6117,386.6148,22.0216,36.4
0.3546,0.0,12.3955,0,0.7156,6.3148,89.4623,8.478,3,666,18.4615,392.6882,7.504,38.6
1.3948,0.0,8.7401,0,0.5786,6.2849,69.3141,2.2152,2,307,14.4369,367.9549,28.3149,37.7
10.7991,0.0,18.5777,0,0.7194,5.8178,29.0109,4.8754,7,307,21.7748,379.5768,25.7637,26.6
10.8386,0.0,10.6178,0,0.729,6.7692,87.6697,4.0309,1,222,18.1009,370.1737,4.8425,48.2
3.0772,25.0,6.9743,1,0.743,6.5747,89.7484,8.0302,3,311,16.327,370.5312,17.3057,44.3
3.6072,20.0,14.3429,0,0.7667,6.6244,27.6988,2.1264,4,242,17.7553,364.5564,7.7413,46.6
2.1521,0.0,16.1355,0,0.5724,5.9118,76.3683,3.0834,1,307,20.8629,385.7439,13.1367,34.4
1.2593,0.0,5.3408,0,0.5275,4.7727,35.7868,7.1435,5,242,16.4392,393.9067,2.5967,36.6
1.4446,0.0,5.3524,0,0.6329,7.048,82.2376,1.8847,3,437,15.5414,394.1212,15.2109,46.3
4.0288,0.0,2.7334,0,0.5485,5.9448,99.7514,5.194,2,222,15.0326,358.1972,20.1459,33.0
5.035,0.0,16.728,0,0.6404,5.6761,12.7023,4.8158,3,311,16.3829,391.0255,22.4462,32.4
5.6555,0.0,15.2761,0,0.6822,6.7654,90.7629,4.008,8,437,20.2404,384.5855,23.8952,41.2
5.6218,0.0,11.4926,0,0.6754,6.0056,66.0367,4.4593,6,437,17.773,361.8581,29.5976,30.3
0.3543,0.0,18.8834,0,0.5498,7.022,97.6044,5.4746,7,666,15.8199,353.1556,9.1103,50.0
2.4654,0.0,18.1134,0,0.4667,6.7119,51.8509,2.7103,6,437,15.3295,362.5691,5.9759,46.3
0.2234,0.0,13.7071,0,0.5722,6.7585,86.2649,5.79,6,222,16.6618,392.7826,30.1007,36.8
2.8809,80.0,19.3654,0,0.457,5.3238,15.6155,7.5407,3,307,21.5194,379.6961,7.1682,30.8
2.1072,12.5,6.1168,0,0.756,7.1284,40.1751,7.2012,8,222,16.7442,383.8175,34.1671,42.0
7.8818,0.0,4.2384,0,0.5384,6.4629,16.0315,2.6542,7,307,21.905,362.0604,29.8038,33.7
1.5659,25.0,7.395,0,0.4618,6.0215,97.7809,2.6194,7,437,17.8818,383.7393,18.5289,33.9
0.4582,0.0,3.1417,0,0.4102,6.3804,83.5277,3.5113,6,437,15.4333,351.3189,34.3869,33.4
0.5655,25.0,12.6234,1,0.6583,5.0366,86.7293,4.2081,5,311,21.1291,367.6026,5.2134,23.4
5.1703,12.5,20.7321,0,0.6548,6.5661,94.4169,4.5634,8,307,17.6828,379.3947,12.0012,46.2
3.4765,0.0,2.7869,0,0.5362,5.5594,17.6593,6.5977,5,437,19.6774,356.8519,23.0614,29.9
0.3938,0.0,4.4422,0,0.4287,5.3331,44.7038,1.9251,24,666,21.8697,388.5989,13.5502,24.1
0.3263,0.0,11.044,0,0.5639,5.2143,16.3931,1.76,24,242,14.4014,361.023,32.6363,22.1
4.356,0.0,20.6775,0,0.5245,7.0589,28.9714,4.4393,1,311,14.7736,380.592,4.1657,50.0
0.282,0.0,8.3231,1,0.6708,5.8395,30.6429,6.7287,6,222,19.7637,369.0037,20.1306,29.8
6.2207,0.0,12.1447,0,0.6423,7.3536,52.2196,2.9508,7,311,16.2546,377.9544,21.4986,49.5
4.42,0.0,2.8315,0,0.5458,5.9049,34.1706,6.3113,3,242,15.4744,355.0394,23.54,36.3
0.3155,20.0,4.9669,0,0.4872,5.0848,19.088,3.4487,7,307,14.3149,350.7932,10.437,35.4
0.3292,80.0,21.7326,0,0.7952,5.4984,25.0742,8.1456,7,222,14.1748,392.6586,14.0307,28.5
15.5457,0.0,21.3024,0,0.5816,7.1451,23.2548,8.2177,2,222,20.1959,362.6456,29.8415,38.5
1.6978,0.0,2.0988,0,0.6753,6.1709,97.5769,3.7297,7,307,15.0755,388.4429,8.4331,41.4
1.677,0.0,21.0362,0,0.4562,5.8962,78.3363,3.225,1,311,17.7418,396.8695,29.2866,28.7
6.0421,0.0,14.7824,0,0.5942,6.392,97.0985,4.5848,5,437,18.8472,359.9161,20.5676,37.2
10.6018,80.0,19.3584,0,0.411,6.6312,49.5766,3.304,24,311,17.4268,362.4365,27.1522,35.1
15.3776,0.0,11.0948,0,0.6022,7.0622,35.0532,6.5429,7,242,14.2169,381.0881,25.549,44.8
5.0496,0.0,12.3119,0,0.7856,7.2939,81.8464,7.6955,7,666,20.268,395.2795,8.8479,50.0
1.7093,0.0,11.7769,0,0.5537,6.0282,39.3629,6.5482,2,437,14.0841,392.9517,20.7708,39.9
0.3239,0.0,15.3373,0,0.4156,5.3518,36.9445,7.6826,8,311,20.0951,373.5849,30.6349,25.1
5.4145,0.0,4.793,0,0.4124,5.9906,30.9255,4.4774,3,666,21.1464,387.2907,16.2598,41.8
2.9525,20.0,2.5995,0,0.5552,6.4622,21.6711,2.6724,8,666,17.4627,356.3665,33.8975,37.8
1.9973,0.0,8.1586,0,0.464,5.6054,33.0817,7.0346,3,307,18.2843,395.8419,16.9231,33.6
8.5357,0.0,16.0936,0,0.4093,5.61,41.9788,4.2036,7,242,17.8159,395.2282,6.7119,36.8
0.4344,0.0,6.0371,0,0.7025,6.5207,70.6595,6.5345,2,242,17.1137,357.6789,14.8513,46.7
2.4526,80.0,15.4686,0,0.5834,6.2459,15.6308,3.5298,4,242,21.0994,364.0429,33.4062,34.1
0.0511,25.0,21.3982,0,0.5157,6.303,28.9456,2.1092,6,437,21.1515,354.6973,12.5508,35.6
2.2865,0.0,3.878,0,0.76,5.7491,82.8121,8.9444,24,222,16.6865,362.7436,30.6472,33.6
0.2186,0.0,15.452,0,0.4465,6.1187,23.223,2.6715,5,437,18.9206,388.2683,31.0813,31.6
0.4654,0.0,10.875,0,0.7824,5.633,40.8381,8.9132,24,311,21.4153,367.743,13.5562,31.4
0.4601,0.0,19.3628,0,0.5256,6.9031,87.8193,8.8296,5,666,21.6965,354.1458,4.7475,41.5
3.7812,80.0,5.543,0,0.7554,7.0047,23.9433,7.4536,8,666,18.0717,366.0504,25.9104,40.8
4.9442,0.0,15.8525,0,0.6412,4.9877,17.4463,6.4457,1,222,17.6226,396.0269,12.2799,31.1
3.162,0.0,18.7623,0,0.7307,5.6293,53.6084,5.8336,7,311,16.2296,379.5322,27.8365,35.5
11.799,0.0,20.8923,0,0.7936,5.2324,37.2178,7.9958,4,222,21.671,369.5179,16.6076,32.3
1.7013,0.0,15.665,0,0.5154,5.825,60.7068,3.6708,5,666,15.1425,357.8107,18.0138,35.1
1.2213,0.0,11.9435,0,0.7845,6.2216,82.3424,5.0076,6,437,18.6386,396.2517,27.671,35.6
7.3162,12.5,14.3569,0,0.5558,5.2652,22.3434,6.1454,5,242,16.2604,388.4978,14.618,35.6
0.9211,0.0,19.3781,0,0.5542,5.6347,62.2629,4.5839,1,666,16.2321,363.2013,16.6232,35.6
11.9003,0.0,13.4122,0,0.5362,5.5772,55.4958,4.7061,24,307,17.2397,353.2862,14.4143,33.5
0.054,0.0,2.6077,0,0.6166,6.4251,22.9671,3.9771,2,242,21.9903,352.6557,14.1222,38.2
12.6191,0.0,20.619,0,0.4617,6.3285,66.1599,5.7317,24,666,14.4397,355.6457,19.3562,41.8
0.1688,0.0,15.7905,0,0.6215,5.7748,34.6276,7.8793,2,437,18.6283,377.238,28.6904,31.6
7.9938,0.0,15.5303,0,0.6167,6.4038,53.9051,3.0115,24,222,14.6606,393.559,13.9384,42.4
2.7105,12.5,6.3135,0,0.7048,5.8973,17.4045,8.5082,6,242,15.2362,373.2973,19.3004,29.0
17.8546,0.0,15.1777,0,0.7335,6.0898,51.3626,6.6682,24,437,17.5165,389.5341,24.134,31.4
0.286,0.0,9.8773,0,0.5762,7.4514,37.5817,7.6745,6,311,18.0837,370.9121,10.8915,50.0
2.9156,0.0,15.0247,0,0.5209,7.2183,84.0143,5.6714,6,307,16.0703,383.2326,11.1583,43.9
12.5509,0.0,4.1319,1,0.5037,5.3703,15.1281,7.3464,2,242,16.5317,384.3248,32.8026,30.1
2.6756,80.0,15.1569,1,0.4778,6.8608,47.6747,1.6215,8,222,14.6957,358.1589,25.8766,45.3
3.5835,12.5,21.9883,0,0.4231,6.848,51.2588,7.6379,3,311,16.4258,366.941,21.0472,43.3
4.2936,0.0,2.9642,0,0.537,5.4762,75.2505,1.801,7,437,21.7325,379.8895,23.3748,30.4
2.1921,0.0,21.5435,0,0.5081,6.8531,61.6859,8.1744,5,307,21.5577,353.3157,2.9669,49.4
3.5656,0.0,10.1382,0,0.7866,7.3566,70.0491,8.9397,3,222,16.679,366.9562,22.3974,46.2
3.1702,0.0,19.4151,0,0.6231,5.4942,79.9344,3.7055,1,437,18.5668,375.0821,18.8138,28.0
8.3412,0.0,17.6477,0,0.5389,5.6377,87.5983,3.0774,8,437,21.2768,396.7229,20.0097,34.4
0.1774,0.0,13.3403,0,0.6322,6.9924,38.2488,7.2402,3,242,14.0495,372.2556,13.861,50.0
1.1974,0.0,16.769,0,0.4557,6.47,58.422,3.3977,2,242,20.4855,388.2731,4.6886,41.0
10.8244,0.0,19.5703,0,0.5776,6.666,85.6097,7.9917,1,222,21.587,370.264,8.3802,39.9
7.9648,12.5,10.0828,0,0.6505,6.5184,99.0506,2.2713,4,666,14.7306,387.3507,33.3746,36.0
2.1994,0.0,8.5407,0,0.5956,6.5535,90.0567,2.4447,8,666,15.2916,377.925,15.4871,41.7
3.4946,0.0,15.3519,0,0.5607,5.3515,43.4321,8.8436,3,437,21.686,391.5813,17.4005,30.4
